{
  "train_loss": [
    5.870772231923471,
    3.93846335898925,
    3.5432613486110576,
    3.7240858495038727,
    3.182603083821413,
    3.196627942642363,
    2.8661855203483757,
    2.844343344370524,
    2.8830545798386678,
    2.736135737730725,
    2.833821720022573,
    2.8008887948769545,
    2.667009948503853,
    2.5322599127741143,
    2.571938698834712,
    2.501156237259163,
    2.5020296707405114,
    2.5178558850052335,
    2.2402316131214106,
    2.334114896188868,
    2.3700968345793165,
    2.3085296602532415,
    2.2788490501567478,
    2.202147036889205,
    2.1073227125425937,
    2.077493194699681,
    2.068252978151781,
    2.0606716977487696,
    2.102364236372139,
    2.1660867209481722
  ],
  "train_acc": [
    0.6848184818481848,
    0.7953795379537953,
    0.8242574257425742,
    0.806930693069307,
    0.8242574257425742,
    0.8077557755775577,
    0.8292079207920792,
    0.8407590759075908,
    0.83003300330033,
    0.8374587458745875,
    0.8424092409240924,
    0.8382838283828383,
    0.8465346534653465,
    0.8473597359735974,
    0.8358085808580858,
    0.8539603960396039,
    0.8308580858085809,
    0.8366336633663366,
    0.8646864686468647,
    0.8465346534653465,
    0.8523102310231023,
    0.863036303630363,
    0.8622112211221122,
    0.8465346534653465,
    0.8655115511551155,
    0.8729372937293729,
    0.8729372937293729,
    0.8704620462046204,
    0.8696369636963697,
    0.858085808580858
  ],
  "val_loss": [
    3.312933457945181,
    3.357706445031585,
    3.051443110948826,
    2.4906285377725896,
    2.3465091713302804,
    2.4301831343183955,
    2.4230872397642256,
    2.2699921460331236,
    2.2476933336656963,
    2.2751475956649463,
    2.3046087804698545,
    2.198690104185288,
    2.130179762840271,
    2.1204666033948314,
    2.0921042464268256,
    1.8644042882959215,
    1.9189759288372854,
    1.9317502287142447,
    1.8813942685785652,
    1.8549930869784814,
    1.8565375789937615,
    1.8624968613540778,
    1.782868881105878,
    1.7438692158734947,
    1.7006982205801928,
    1.6497635257792773,
    1.6194228432667306,
    1.6349496317707843,
    1.6261307355250274,
    1.6000981605202582
  ],
  "val_acc": [
    0.9121338912133892,
    0.8702928870292888,
    0.891213389121339,
    0.9037656903765691,
    0.9163179916317992,
    0.9037656903765691,
    0.9121338912133892,
    0.9121338912133892,
    0.9121338912133892,
    0.9037656903765691,
    0.899581589958159,
    0.9205020920502092,
    0.899581589958159,
    0.8870292887029289,
    0.9079497907949791,
    0.9246861924686193,
    0.9330543933054394,
    0.9330543933054394,
    0.9163179916317992,
    0.9372384937238494,
    0.9414225941422594,
    0.9288702928870293,
    0.9330543933054394,
    0.9288702928870293,
    0.9414225941422594,
    0.9414225941422594,
    0.9372384937238494,
    0.9372384937238494,
    0.9246861924686193,
    0.9330543933054394
  ]
}